city,Iter,drones,slots,lp_var,lp_cons,lp_obj,lp_time,nlp_var,nlp_cons,nlp_obj,nlp_time,hx_obj,hx_time,i_max,seed
SB,1,2,6,2246,4208,360.0,8.552,326,92,360.0,6.99,360.0,60,"[30.0, 570.0, 210.0, 390.0]",7129307151326103506
SB,2,2,6,2246,4208,337.26,19.843,326,92,337.26,40.396,340.6600000000001,60,"[30.0, 390.0, 210.0, 390.0]",6782440147158933529
SB,3,2,6,2246,4208,338.93,6.165,326,92,338.93,10.985,464.67958007326376,60,"[210.0, 390.0, 390.0, 570.0]",7284946548098296560
SB,4,2,6,2246,4208,257.71,15.873,326,92,257.71,16.71,268.169580029307,60,"[210.0, 570.0, 930.0, 210.0]",7238476652211545160
SB,5,2,6,2246,4208,350.87,20.444,326,92,350.87,29.463,352.39,60,"[930.0, 750.0, 390.0, 570.0]",7474890922888263416
SB,6,2,6,2246,4208,305.33,6.373,326,92,305.33,22.88,351.93999999999994,60,"[30.0, 390.0, 210.0, 210.0]",4476890913637424427
SB,7,2,6,2246,4208,417.75,24.592,326,92,417.75,48.889,431.5284608788662,60,"[750.0, 390.0, 210.0, 570.0]",6311472310812105897
