city,Iter,drones,slots,lp_var,lp_cons,lp_obj,lp_time,nlp_var,nlp_cons,nlp_obj,nlp_time,hx_obj,hx_time,i_max,seed
SB_RS,1,3,7,11720,21374,342.93,1800.769,989,164,342.93,1800.556,381.81958058735256,1800,"[210.0, 210.0, 750.0, 570.0, 570.0, 390.0, 1110.0, 1110.0]",8032109829732847370
SB_RS,2,3,7,11720,21374,315.59,1800.522,989,164,315.59,1800.434,340.2584489028776,1800,"[750.0, 570.0, 210.0, 390.0, 210.0, 210.0, 570.0, 570.0]",5306915286222260677
SB_RS,3,3,7,11720,21374,363.67,1800.465,989,164,486.39,1800.545,407.21880212632107,1800,"[750.0, 210.0, 750.0, 390.0, 30.0, 390.0, 570.0, 390.0]",1453957892490264203
SB_RS,4,3,7,11720,21374,317.74,1801.034,989,164,317.74,1800.486,334.78,1800,"[390.0, 390.0, 30.0, 390.0, 390.0, 30.0, 390.0, 570.0]",2401965831619899797
