city,Iter,drones,slots,lp_var,lp_cons,lp_obj,lp_time,nlp_var,nlp_cons,nlp_obj,nlp_time,hx_obj,hx_time,i_max,seed
RS_LA,1,7,9,103700,190757,112.33,3600.898,5105,455,112.33,3600.77,112.32988007473517,3600,"[750.0, 390.0, 570.0, 570.0, 390.0, 750.0, 750.0, 570.0, 390.0, 390.0, 570.0, 30.0]",[577520662374685580]
RS_LA,2,7,9,103700,190757,113.8,3602.392,0,0,0.0,0.0,113.79844013764216,3600,"[210.0, 30.0, 30.0, 570.0, 210.0, 210.0, 210.0, 930.0, 210.0, 390.0, 390.0, 750.0]",[4547951117309464145]
