city,Iter,drones,slots,lp_var,lp_cons,lp_obj,lp_time,nlp_var,nlp_cons,nlp_obj,nlp_time,hx_obj,hx_time,i_max,seed
SB_LA,1,4,10,2417,3919,144.64,8.074,377,104,144.64,313.058,430.08000000000004,3600,"[210.0, 390.0, 570.0, 30.0]",197147511516849267
SB_LA,2,4,10,2417,3919,144.64,8.074,377,104,144.64,313.058,371.73,3600,"[210.0, 390.0, 570.0, 30.0]",3185567205462220929
SB_LA,3,4,10,69122,128515,781.75,3629.016,377,104,144.64,313.058,369.32000000000005,3600,"[30.0, 390.0, 930.0, 210.0, 210.0, 570.0, 570.0, 390.0, 570.0, 210.0, 930.0, 390.0]",593941998506728678
