city,Iter,drones,slots,lp_var,lp_cons,lp_obj,lp_time,nlp_var,nlp_cons,nlp_obj,nlp_time,hx_obj,hx_time,i_max,seed
SB_RS_LA,1,6,9,0,0,0,0,0,0,0,0,115.95994005383028,3600,"[750.0, 210.0, 1110.0, 570.0, 30.0, 750.0, 570.0, 570.0, 390.0, 210.0, 570.0, 390.0, 390.0, 750.0, 570.0, 390.0]",[2057131660699963486]
SB_RS_LA,2,6,9,0,0,0,0,0,0,0,0,258.9187413265492,3600,"[570.0, 390.0, 390.0, 30.0, 570.0, 570.0, 930.0, 390.0, 390.0, 390.0, 210.0, 390.0, 210.0, 570.0, 570.0, 930.0]",[5924158223281968830]
SB_RS_LA,3,6,9,0,0,0,0,0,0,0,0,263.1787405590799,3600,"[210.0, 210.0, 210.0, 210.0, 570.0, 30.0, 750.0, 30.0, 210.0, 210.0, 210.0, 390.0, 210.0, 750.0, 930.0, 570.0]",[8380869165260184647]
SB_RS_LA,4,6,9,0,0,0,0,0,0,0,0,258.9187407728223,3600,"[390.0, 210.0, 210.0, 210.0, 210.0, 30.0, 30.0, 210.0, 570.0, 390.0, 210.0, 570.0, 210.0, 570.0, 570.0, 570.0]",[4318593819828605315]
SB_RS_LA,5,6,9,0,0,0,0,0,0,0,0,191.79808185225477,3600,"[570.0, 570.0, 750.0, 390.0, 570.0, 930.0, 30.0, 210.0, 390.0, 390.0, 210.0, 210.0, 570.0, 30.0, 210.0, 30.0]",[8019309785160178315]
SB_RS_LA,6,6,9,0,0,0,0,0,0,0,0,171.35850031543578,3600,"[390.0, 210.0, 30.0, 210.0, 570.0, 570.0, 390.0, 390.0, 210.0, 390.0, 750.0, 390.0, 570.0, 210.0, 30.0, 750.0]",[6227946991410866680]
