city,Iter,drones,slots,lp_var,lp_cons,lp_obj,lp_time,nlp_var,nlp_cons,nlp_obj,nlp_time,hx_obj,hx_time,i_max,seed
SB_RS_LA,1,8,9,0,0,0,0,0,0,0,0,263.17874027229345,3600,"[570.0, 210.0, 390.0, 210.0, 30.0, 930.0, 390.0, 930.0, 210.0, 210.0, 210.0, 390.0, 570.0, 390.0, 390.0, 210.0]",[3928580313537198962]
SB_RS_LA,2,8,9,191450,349450,278.37,3600.629,7418,530,708.87,3600.696,258.9198202571473,3600,"[390.0, 210.0, 390.0, 390.0, 210.0, 210.0, 210.0, 570.0, 210.0, 750.0, 210.0, 570.0, 30.0, 750.0, 750.0, 390.0]",[3472147531859725429]
