city,Iter,drones,slots,lp_var,lp_cons,lp_obj,lp_time,nlp_var,nlp_cons,nlp_obj,nlp_time,hx_obj,hx_time,i_max,seed
SB_LA,1,7,9,108866,200112,114.03,3602.003,5231,458,122.17,3600.582,114.02844013842537,3600,"[30.0, 210.0, 210.0, 390.0, 390.0, 210.0, 570.0, 30.0, 390.0, 390.0, 210.0, 30.0]",[5139225083923947557]
SB_LA,2,7,9,108866,200112,118.86,3602.034,5231,458,118.86,3600.553,118.85916003816817,3600,"[30.0, 210.0, 210.0, 30.0, 750.0, 210.0, 390.0, 570.0, 210.0, 570.0, 750.0, 570.0]",[2956382317986147210]
SB_LA,3,7,9,108866,200112,118.86,3602.419,5231,458,155.41,3600.962,118.85988006152468,3600,"[750.0, 30.0, 570.0, 30.0, 390.0, 390.0, 390.0, 390.0, 210.0, 390.0, 390.0, 210.0]",[7727097614441057491]
