city,Iter,drones,slots,lp_var,lp_cons,lp_obj,lp_time,nlp_var,nlp_cons,nlp_obj,nlp_time,hx_obj,hx_time,i_max,seed
SB,1,2,6,2246,4208,508.4,34.454,326,92,508.4,100.33,628.1695800115895,120,"[750.0, 570.0, 1110.0, 210.0]",7364412260990902845
SB,2,2,6,2246,4208,327.57,10.589,326,92,327.57,11.863,340.65999999999985,120,"[750.0, 570.0, 30.0, 570.0]",2920485531163536661
