city,Iter,drones,slots,lp_var,lp_cons,lp_obj,lp_time,nlp_var,nlp_cons,nlp_obj,nlp_time,hx_obj,hx_time,i_max,seed
SB,1,2,6,2246,4208,508.4,34.454,326,92,508.4,100.33,628.1695800115895,120,"[750.0, 570.0, 1110.0, 210.0]",7364412260990902845
SB,2,2,6,2246,4208,327.57,10.589,326,92,327.57,11.863,340.65999999999985,120,"[750.0, 570.0, 30.0, 570.0]",2920485531163536661
SB,3,2,6,2246,4208,478.71,36.111,326,92,478.71,54.242,626.1788600508255,120,"[570.0, 210.0, 210.0, 570.0]",1849280758530483587
SB,4,2,6,2246,4208,345.6,19.709,326,92,345.6,32.011,347.65999999999997,120,"[210.0, 750.0, 30.0, 570.0]",5527898433442859824
SB,5,2,6,2246,4208,408.93,18.519,326,92,408.93,12.586,502.99,120,"[30.0, 390.0, 390.0, 390.0]",6400933609607579319
SB,6,2,6,2246,4208,411.03,27.195,326,92,411.03,51.355,420.9684470199245,120,"[930.0, 390.0, 390.0, 750.0]",40811904195733444
