city,Iter,drones,slots,lp_var,lp_cons,lp_obj,lp_time,nlp_var,nlp_cons,nlp_obj,nlp_time,hx_obj,hx_time,i_max,seed
SB_RS,1,5,5,13952,24036,163.68,626.325,1177,186,163.68,616.593,119.69808031272936,600,"[750.0, 390.0, 210.0, 570.0, 930.0, 390.0, 30.0, 30.0]",[778639736012571580]
SB_RS,2,5,5,13952,24036,230.14,625.22,1177,186,301.68,623.326,146.35000000000002,600,"[390.0, 390.0, 30.0, 390.0, 210.0, 570.0, 750.0, 30.0]",[8211455271321481453]
SB_RS,3,5,5,13952,24036,128.9,612.049,1177,186,123.35,619.896,132.3,600,"[570.0, 390.0, 930.0, 390.0, 390.0, 390.0, 30.0, 30.0]",[1899893575236653514]
SB_RS,4,5,5,13952,24036,146.09,633.514,1177,186,167.97,625.583,167.97000000000003,600,"[930.0, 390.0, 210.0, 210.0, 210.0, 30.0, 750.0, 210.0]",[3799901237330584639]
SB_RS,5,5,5,13952,24036,120.54,621.913,1177,186,307.8,621.81,157.07999999999998,600,"[570.0, 570.0, 750.0, 570.0, 570.0, 210.0, 30.0, 30.0]",[487008687988921852]
