city,Iter,drones,slots,lp_var,lp_cons,lp_obj,lp_time,nlp_var,nlp_cons,nlp_obj,nlp_time,hx_obj,hx_time,i_max,seed
SB_RS_LA,1,9,7,167519,295756,103.54,3600.392,6491,475,596.03,3600.749,10.269220087493864,3600,"[30.0, 750.0, 30.0, 390.0, 390.0, 570.0, 390.0, 750.0, 390.0, 210.0, 390.0, 390.0, 210.0, 750.0, 570.0, 750.0]",[800942255780602223]
SB_RS_LA,2,9,7,0,0,0.0,0.0,0,0,0.0,0.0,263.178740346007,3600,"[930.0, 750.0, 390.0, 390.0, 210.0, 570.0, 390.0, 30.0, 210.0, 390.0, 210.0, 210.0, 390.0, 390.0, 30.0, 210.0]",[9160733533516367031]
SB_RS_LA,3,9,7,0,0,0.0,0.0,0,0,0.0,0.0,112.32988001833803,3600,"[1110.0, 210.0, 750.0, 750.0, 210.0, 210.0, 930.0, 30.0, 570.0, 390.0, 390.0, 570.0, 210.0, 570.0, 390.0, 30.0]",[1276378350704292239]
SB_RS_LA,4,9,7,0,0,0.0,0.0,0,0,0.0,0.0,263.1798204013619,3600,"[30.0, 570.0, 750.0, 570.0, 390.0, 30.0, 210.0, 210.0, 30.0, 390.0, 390.0, 210.0, 390.0, 390.0, 390.0, 570.0]",[1709978901561252754]
