city,Iter,drones,slots,lp_var,lp_cons,lp_obj,lp_time,nlp_var,nlp_cons,nlp_obj,nlp_time,hx_obj,hx_time,i_max,seed
SB,1,2,6,2246,4208,360.0,8.552,326,92,360.0,6.99,360.0,60,"[30.0, 570.0, 210.0, 390.0]",7129307151326103506
SB,2,2,6,2246,4208,337.26,19.843,326,92,337.26,40.396,340.6600000000001,60,"[30.0, 390.0, 210.0, 390.0]",6782440147158933529
SB,3,2,6,2246,4208,338.93,6.165,326,92,338.93,10.985,464.67958007326376,60,"[210.0, 390.0, 390.0, 570.0]",7284946548098296560
SB,4,2,6,2246,4208,257.71,15.873,326,92,257.71,16.71,268.169580029307,60,"[210.0, 570.0, 930.0, 210.0]",7238476652211545160
